[
  {
    "model": "mailing.mailing",
    "pk": 37,
    "fields": {
      "title": "Новая",
      "user": 1,
      "message_title": "Тестовая рассылка",
      "message_content": "Тестовая рассылка",
      "date_created": "2023-09-08T17:27:50.034Z",
      "date_modified": "2023-09-13T23:14:34.004Z",
      "setting": 26,
      "contact_list": 1
    }
  },
  {
    "model": "mailing.mailing",
    "pk": 38,
    "fields": {
      "title": "Test mailing",
      "user": 3,
      "message_title": "Добро пожаловать в нашу коммунити!",
      "message_content": "Здравствуйте,\r\n\r\nДобро пожаловать в MailCraft by EvoQ! Мы рады приветствовать вас в нашей email-маркетинговой платформе, где вы можете создавать, отправлять и управлять своими эффективными рассылками.\r\n\r\nПочему выбирают нас:\r\n\r\nПростота использования: Наш интерфейс интуитивно понятен, даже если вы новичок в email-маркетинге.\r\n\r\nКреативные возможности: Вы можете создавать уникальные и креативные письма с нашими инструментами для редактирования.\r\n\r\nУправление списками контактов: Легко управляйте своими списками контактов, добавляйте новых абонентов и следите за их активностью.\r\n\r\nАналитика: Получайте подробные отчеты о результатах ваших кампаний, чтобы постоянно улучшать свои стратегии.\r\n\r\nЧто дальше:\r\n\r\nНастройка профиля: Перейдите в свой профиль и укажите дополнительные данные о себе, чтобы мы могли предоставить вам персонализированные советы.\r\n\r\nПросмотр руководства: Наше руководство пользователя поможет вам быстро освоиться с MailCraft. Вы найдете его в разделе \"Помощь\".\r\n\r\nСоздание вашей первой рассылки: Не стесняйтесь начать с простой рассылки, чтобы понять, как все работает.\r\n\r\nЕсли у вас возникнут вопросы или потребуется помощь, не стесняйтесь обращаться в нашу службу поддержки. Мы готовы помочь вам достичь большей эффективности в email-маркетинге.\r\n\r\nСпасибо, что выбрали MailCraft by EvoQ. Удачи в создании успешных кампаний!\r\n\r\nС наилучшими пожеланиями,\r\nEvoQ",
      "date_created": "2023-09-10T16:48:02.392Z",
      "date_modified": "2023-09-13T23:35:52.207Z",
      "setting": 28,
      "contact_list": 4
    }
  },
  {
    "model": "mailing.mailing",
    "pk": 39,
    "fields": {
      "title": "Test 2 mailing",
      "user": 3,
      "message_title": "Здравствуйте, уважаемые подписчики!",
      "message_content": "Мы рады представить вам нашу новую рассылку, приуроченную к миру игр и программирования! Вас ждут захватывающие статьи, полезные советы и интересные обзоры.\r\n\r\nЧто вас ждет в наших выпусках:\r\n\r\nГлубокие обзоры последних игровых трендов и релизов.\r\nПодробные уроки по программированию, основанные на вашем запросе.\r\nИнтервью с опытными разработчиками и геймерами.\r\nЭксклюзивные акции и предложения для наших подписчиков.\r\nМы гордимся тем, что предоставляем вам самую актуальную и интересную информацию в мире игр и программирования. Надеемся, что вы найдете нашу рассылку полезной и увлекательной.\r\n\r\nНе упустите шанс быть в курсе всех новостей и событий. Подписывайтесь на нашу рассылку и будьте в центре действия!\r\n\r\nС наилучшими пожеланиями,\r\nКоманда \"EvoQ\"",
      "date_created": "2023-09-12T15:10:22.123Z",
      "date_modified": "2023-09-12T15:10:22.135Z",
      "setting": 29,
      "contact_list": 5
    }
  },
  {
    "model": "mailing.mailingsettings",
    "pk": 21,
    "fields": {
      "mailing": null,
      "mailing_periods": null,
      "status": null,
      "start_date": null,
      "mailing_time": null,
      "mailing_week_day_num": null,
      "end_date": null,
      "cron_setting": "('15 18 3 9 *', 'mailing.cron.run_mailing', {'mailing': <Mailing: 1>})"
    }
  },
  {
    "model": "mailing.mailingsettings",
    "pk": 22,
    "fields": {
      "mailing": null,
      "mailing_periods": null,
      "status": null,
      "start_date": null,
      "mailing_time": null,
      "mailing_week_day_num": null,
      "end_date": null,
      "cron_setting": "('15 18 3 9 *', 'mailing.cron.run_mailing', {'mailing': <Mailing: 1>})"
    }
  },
  {
    "model": "mailing.mailingsettings",
    "pk": 23,
    "fields": {
      "mailing": null,
      "mailing_periods": null,
      "status": null,
      "start_date": null,
      "mailing_time": null,
      "mailing_week_day_num": null,
      "end_date": null,
      "cron_setting": "('15 18 3 9 *', 'mailing.cron.run_mailing', {'mailing': <Mailing: 1>})"
    }
  },
  {
    "model": "mailing.mailingsettings",
    "pk": 24,
    "fields": {
      "mailing": null,
      "mailing_periods": null,
      "status": null,
      "start_date": null,
      "mailing_time": null,
      "mailing_week_day_num": null,
      "end_date": null,
      "cron_setting": "('15 18 3 9 *', 'mailing.cron.run_mailing', {'mailing': <Mailing: 1>})"
    }
  },
  {
    "model": "mailing.mailingsettings",
    "pk": 25,
    "fields": {
      "mailing": null,
      "mailing_periods": null,
      "status": null,
      "start_date": null,
      "mailing_time": null,
      "mailing_week_day_num": null,
      "end_date": null,
      "cron_setting": "('15 18 3 9 *', 'mailing.cron.run_mailing', {'mailing': <Mailing: 1>})"
    }
  },
  {
    "model": "mailing.mailingsettings",
    "pk": 26,
    "fields": {
      "mailing": 37,
      "mailing_periods": "daily",
      "status": "running",
      "start_date": "2023-09-08",
      "mailing_time": "13:44:00",
      "mailing_week_day_num": 2,
      "end_date": "2023-09-29",
      "cron_setting": ""
    }
  },
  {
    "model": "mailing.mailingsettings",
    "pk": 27,
    "fields": {
      "mailing": null,
      "mailing_periods": null,
      "status": null,
      "start_date": null,
      "mailing_time": null,
      "mailing_week_day_num": null,
      "end_date": null,
      "cron_setting": "('27 10 * * 2', 'mailing.cron.run_mailing', {'mailing': <Mailing: 123>})"
    }
  },
  {
    "model": "mailing.mailingsettings",
    "pk": 28,
    "fields": {
      "mailing": 38,
      "mailing_periods": "daily",
      "status": "running",
      "start_date": "2023-09-14",
      "mailing_time": "21:31:00",
      "mailing_week_day_num": 7,
      "end_date": "2023-09-15",
      "cron_setting": null
    }
  },
  {
    "model": "mailing.mailingsettings",
    "pk": 29,
    "fields": {
      "mailing": 39,
      "mailing_periods": "daily",
      "status": "completed",
      "start_date": "2023-09-12",
      "mailing_time": "09:12:00",
      "mailing_week_day_num": 1,
      "end_date": "2023-09-12",
      "cron_setting": null
    }
  },
  {
    "model": "users.user",
    "pk": 1,
    "fields": {
      "password": "pbkdf2_sha256$600000$EVO9MSOjo6XWunBvvPK2Jr$Ba8IptP9wM1WgZVqWw20CccevIq36gHa17Nml3csUoU=",
      "last_login": "2023-09-13T20:00:12.510Z",
      "is_superuser": true,
      "first_name": "Admin",
      "last_name": "EvoQ",
      "is_staff": true,
      "is_active": true,
      "date_joined": "2023-09-07T11:39:13.276Z",
      "email": "admin@evoq.com",
      "telephone": null,
      "country": null,
      "avatar": "",
      "date_added": "2023-09-07T11:39:13.291Z",
      "last_modified": "2023-09-07T11:39:13.599Z",
      "is_verified": false,
      "groups": [],
      "user_permissions": []
    }
  },
  {
    "model": "users.user",
    "pk": 2,
    "fields": {
      "password": "pbkdf2_sha256$600000$EVO9MSOjo6XWunBvvPK2Jr$Ba8IptP9wM1WgZVqWw20CccevIq36gHa17Nml3csUoU=",
      "last_login": "2023-09-16T08:46:52.272Z",
      "is_superuser": false,
      "first_name": "Manager",
      "last_name": "XZ",
      "is_staff": true,
      "is_active": true,
      "date_joined": "2023-09-07T11:39:13Z",
      "email": "ne.admin@evoq.com",
      "telephone": null,
      "country": null,
      "avatar": "",
      "date_added": "2023-09-07T11:39:13.291Z",
      "last_modified": "2023-09-13T20:21:29.591Z",
      "is_verified": true,
      "groups": [
        1
      ],
      "user_permissions": []
    }
  },
  {
    "model": "users.user",
    "pk": 3,
    "fields": {
      "password": "pbkdf2_sha256$600000$lXXH75p1tLwZxPQ57evoWd$NMSNGTHLdYE5fMSSrDi5ItCk67D+gjGKCjg4K1dwh5M=",
      "last_login": "2023-09-16T11:06:05.962Z",
      "is_superuser": false,
      "first_name": "Тигран",
      "last_name": "Саатчян",
      "is_staff": false,
      "is_active": true,
      "date_joined": "2023-09-08T02:00:54Z",
      "email": "mr.saatchyan@yandex.com",
      "telephone": "+995555253123",
      "country": 1,
      "avatar": "",
      "date_added": "2023-09-08T02:00:54.792Z",
      "last_modified": "2023-09-13T17:52:36.543Z",
      "is_verified": true,
      "groups": [],
      "user_permissions": []
    }
  },
  {
    "model": "users.user",
    "pk": 4,
    "fields": {
      "password": "pbkdf2_sha256$600000$X8LhOK9nxxrvapcldZVSNQ$3M5KeoQG7rHseTnSYonB+DEdZl58dSPOHXuWO6aeNkM=",
      "last_login": "2023-09-09T14:50:42.698Z",
      "is_superuser": false,
      "first_name": "",
      "last_name": "",
      "is_staff": false,
      "is_active": true,
      "date_joined": "2023-09-09T14:48:10.145Z",
      "email": "zayac880@mail.ru",
      "telephone": null,
      "country": null,
      "avatar": "",
      "date_added": "2023-09-09T14:48:10.529Z",
      "last_modified": "2023-09-13T21:27:48.580Z",
      "is_verified": true,
      "groups": [],
      "user_permissions": []
    }
  },
  {
    "model": "contacts.lists",
    "pk": 1,
    "fields": {
      "name": "Новый список",
      "date_added": "2023-09-07T13:58:36.022Z",
      "user": null
    }
  },
  {
    "model": "contacts.lists",
    "pk": 2,
    "fields": {
      "name": "2",
      "date_added": "2023-09-07T13:58:40.389Z",
      "user": null
    }
  },
  {
    "model": "contacts.lists",
    "pk": 3,
    "fields": {
      "name": "3",
      "date_added": "2023-09-07T13:58:45.522Z",
      "user": null
    }
  },
  {
    "model": "contacts.lists",
    "pk": 4,
    "fields": {
      "name": "123",
      "date_added": "2023-09-10T16:46:02.057Z",
      "user": 3
    }
  },
  {
    "model": "contacts.lists",
    "pk": 5,
    "fields": {
      "name": "Test 2",
      "date_added": "2023-09-12T15:07:54.104Z",
      "user": 3
    }
  },
  {
    "model": "contacts.contacts",
    "pk": 1,
    "fields": {
      "telephone": "+79200563846",
      "email": "thrall.duratanich@gmail.com",
      "date_added": "2023-09-07T13:57:29.612Z",
      "status": "inactive",
      "user": 1,
      "list": 1
    }
  },
  {
    "model": "contacts.contacts",
    "pk": 2,
    "fields": {
      "telephone": "+995555253123",
      "email": "mr.saatchyan@gmail.com",
      "date_added": "2023-09-07T13:57:35.475Z",
      "status": "active",
      "user": 1,
      "list": null
    }
  },
  {
    "model": "contacts.contacts",
    "pk": 3,
    "fields": {
      "telephone": "+995555253123",
      "email": "mr.saatchyan@yandex.com",
      "date_added": "2023-09-07T13:57:43.037Z",
      "status": "active",
      "user": 1,
      "list": null
    }
  },
  {
    "model": "contacts.contacts",
    "pk": 4,
    "fields": {
      "telephone": "123123",
      "email": "d_trump@mail.ru",
      "date_added": "2023-09-08T01:41:27.064Z",
      "status": "active",
      "user": 1,
      "list": null
    }
  },
  {
    "model": "contacts.contacts",
    "pk": 5,
    "fields": {
      "telephone": "123123",
      "email": "benji@hotmail.ru",
      "date_added": "2023-09-08T01:45:06.518Z",
      "status": "active",
      "user": 2,
      "list": 1
    }
  },
  {
    "model": "contacts.contacts",
    "pk": 6,
    "fields": {
      "telephone": "+995555253123",
      "email": "mr.saatchyan@yandex.com",
      "date_added": "2023-09-10T16:45:19.872Z",
      "status": "active",
      "user": 3,
      "list": null
    }
  },
  {
    "model": "contacts.contacts",
    "pk": 7,
    "fields": {
      "telephone": "+79200563846",
      "email": "thrall.duratanich@gmail.com",
      "date_added": "2023-09-10T16:45:23.030Z",
      "status": "active",
      "user": 3,
      "list": null
    }
  },
  {
    "model": "contacts.contactslist",
    "pk": 1,
    "fields": {
      "contact": 1,
      "list": 1
    }
  },
  {
    "model": "contacts.contactslist",
    "pk": 2,
    "fields": {
      "contact": 2,
      "list": 1
    }
  },
  {
    "model": "contacts.contactslist",
    "pk": 3,
    "fields": {
      "contact": 2,
      "list": 2
    }
  },
  {
    "model": "contacts.contactslist",
    "pk": 4,
    "fields": {
      "contact": 3,
      "list": 2
    }
  },
  {
    "model": "contacts.contactslist",
    "pk": 5,
    "fields": {
      "contact": 1,
      "list": 3
    }
  },
  {
    "model": "contacts.contactslist",
    "pk": 6,
    "fields": {
      "contact": 2,
      "list": 3
    }
  },
  {
    "model": "contacts.contactslist",
    "pk": 7,
    "fields": {
      "contact": 3,
      "list": 3
    }
  },
  {
    "model": "contacts.contactslist",
    "pk": 8,
    "fields": {
      "contact": 3,
      "list": 1
    }
  },
  {
    "model": "contacts.contactslist",
    "pk": 9,
    "fields": {
      "contact": 1,
      "list": 4
    }
  },
  {
    "model": "contacts.contactslist",
    "pk": 10,
    "fields": {
      "contact": 2,
      "list": 4
    }
  },
  {
    "model": "contacts.contactslist",
    "pk": 11,
    "fields": {
      "contact": 3,
      "list": 5
    }
  },
  {
    "model": "contacts.contactslist",
    "pk": 12,
    "fields": {
      "contact": 7,
      "list": 5
    }
  },
  {
    "model": "blog.posts",
    "pk": 7,
    "fields": {
      "title": "5 Советов по Созданию Убедительных Email-Писем: MailCraft в Действии",
      "slug": "5-sovetov-po-sozdaniyu-ubeditelnyih-email-pisem-mailcraft-v-dejstvii-1",
      "content": "В мире маркетинга электронная почта остается одним из наиболее эффективных способов достижения вашей аудитории. Однако, чтобы добиться успеха, необходимо знать, как создавать убедительные email-письма. В этой статье мы рассмотрим 5 советов по созданию убедительных email-писем с использованием приложения \"MailCraft by EvoQ\".\n1. Персонализация контента\nПерсонализация - ключевой момент в создании убедительных email-писем. С \"MailCraft\" вы можете легко настроить контент для каждого получателя, используя данные из ваших списков контактов. Включите имя получателя и другие персональные данные, чтобы сделать ваше письмо более привлекательным и релевантным.\n2. Отличный дизайн и мобильная адаптация\nВизуальное восприятие имеет большое значение. MailCraft предоставляет множество инструментов для создания креативных и адаптированных под мобильные устройства email-писем. Убедитесь, что ваш дизайн чист, привлекателен и хорошо читаем как на компьютере, так и на мобильных устройствах.\n3. Заголовок и предметная строка\nЗаголовок и предметная строка вашего письма - первое, что увидит получатель. Сделайте их привлекательными и информативными. MailCraft поможет вам провести тестирование заголовков, чтобы выбрать наиболее эффективный вариант.\n4. Высокое качество контента\nСодержание вашего email-письма должно быть ценным и информативным для получателя. Предоставьте интересную информацию, скидки, специальные предложения или полезные советы. MailCraft обеспечит удобное форматирование и добавление мультимедийных элементов.\n5. Анализ и оптимизация\nПосле отправки вашей рассылки не забудьте про анализ результатов. MailCraft предоставляет инструменты для отслеживания открытий, кликов и других метрик. Используйте эту информацию для оптимизации будущих кампаний.",
      "image": "blog/posts/12/12_1175448092023-09-16T150707.313518.png",
      "creation_date": "2023-09-09T19:36:11.852Z",
      "is_published": true,
      "views_count": 33,
      "user": 3
    }
  },
  {
    "model": "blog.posts",
    "pk": 11,
    "fields": {
      "title": "Анализ Результатов Email-Кампаний: MailCraft для Оценки Эффективности",
      "slug": "analiz-rezultatov-email-kampanij-mailcraft-dlya-otsenki-effektivnosti",
      "content": "Email-маркетинг остается одним из наиболее мощных инструментов для привлечения и удержания клиентов. Однако, чтобы добиться максимальной эффективности в этой сфере, необходимо не только создавать креативные письма, но и аккуратно анализировать результаты кампаний. И в этом нам на помощь приходит приложение \"MailCraft by EvoQ.\"\nMailCraft: Краткий Обзор\nMailCraft - это приложение, разработанное для создания, отправки и управления email-рассылками. Оно предоставляет множество инструментов, которые позволяют вам не только создавать красочные и информативные письма, но и следить за их производительностью. Вот несколько ключевых функций MailCraft:\n    1. Создание Креативных Писем: MailCraft предлагает множество шаблонов и инструментов для создания привлекательных и адаптивных писем. Это позволяет вам легко создавать контент, который привлечет внимание ваших получателей.\n    2. Управление Списками Контактов: Вы можете легко импортировать, экспортировать и управлять списками ваших контактов. Это помогает вам легко настраивать, кому отправлять ваши сообщения.\n    3. Отслеживание и Анализ: Однако одним из наиболее важных аспектов MailCraft является его способность отслеживать производительность ваших кампаний. Вы можете видеть, кто открыл ваше письмо, кликнул по ссылкам, а также отписался. Эти данные предоставляют ценную информацию для анализа.\nАнализ Результатов Email-Кампаний\nТеперь, когда у нас есть обзор MailCraft, давайте обсудим, как это приложение помогает в анализе результатов email-кампаний.\n    1. Отслеживание Открытий: MailCraft предоставляет детальную статистику о том, сколько раз ваши письма были открыты. Это важный показатель эффективности вашей темы и содержания письма. Если видите, что открытий мало, это может подсказать о необходимости изменить заголовок или дизайн.\n    2. Анализ Кликов: Вы также можете узнать, на какие ссылки в вашем письме кликают получатели. Это позволяет определить, какие элементы контента вызывают наибольший интерес. Вы можете использовать эту информацию для оптимизации будущих кампаний.\n    3. Управление Отписками: MailCraft помогает отслеживать количество отписок. Если вы видите рост отписок после определенной кампании, это может быть сигналом к пересмотру вашего контента или частоты отправки.\n    4. Анализ Времени и Даты: Приложение также предоставляет данные о том, когда ваши письма наиболее успешны. Это позволяет вам выбирать оптимальное время для отправки в будущем.",
      "image": "blog/posts/12/12_1175448092023-09-16T150707.313518.png",
      "creation_date": "2023-09-09T19:36:11.852Z",
      "is_published": true,
      "views_count": 10,
      "user": 3
    }
  },
  {
    "model": "blog.posts",
    "pk": 12,
    "fields": {
      "title": "Управление Списками Контактов в MailCraft: Просто и Эффективно",
      "slug": "upravlenie-spiskami-kontaktov-v-mailcraft-prosto-i-effektivno-1",
      "content": "В мире email-маркетинга правильное управление списками контактов играет важную роль в достижении успеха. \"MailCraft by EvoQ\" предоставляет мощные инструменты для управления вашими списками контактов. Давайте рассмотрим, как это делается.\r\n1. Импорт и Экспорт Контактов\r\n\"MailCraft\" предоставляет возможность импортировать контакты из различных источников, таких как CSV-файлы, базы данных и другие email-сервисы. Это упрощает перенос ваших существующих списков контактов в систему. После завершения кампании вы также можете легко экспортировать данные для анализа или резервного копирования.\r\n2. Сегментация Контактов\r\nОдин из ключевых аспектов успешного email-маркетинга - это отправлять правильное сообщение правильным людям. \"MailCraft\" предоставляет функцию сегментации, позволяя вам создавать подгруппы контактов на основе различных критериев, таких как интересы, демография или история взаимодействия. Это помогает вам отправлять более персонализированные сообщения и повышать эффективность ваших кампаний.\r\n3. Автоматизация и Расписания\r\n\"MailCraft\" позволяет настроить автоматизированные email-рассылки и расписания доставки. Вы можете определить дату и время, когда ваша рассылка будет отправлена, что позволяет вам легко планировать и управлять кампаниями.\r\n4. Отслеживание и Анализ\r\nВажной частью успешного управления списками контактов является анализ результатов. \"MailCraft\" предоставляет подробную статистику о доставке, открытии и кликах ваших сообщений. Вы можете отслеживать, какие кампании работают лучше всего, и вносить соответствующие изменения для улучшения результатов.\r\n5. Соблюдение Законодательства\r\nВажно помнить о соблюдении законодательства о рассылках, таких как CAN-SPAM Act в США и GDPR в Европе. \"MailCraft\" предоставляет средства для управления подписками и обработки отписок, что помогает вам быть согласованными с требованиями закона.\r\nВ заключение, управление списками контактов в \"MailCraft by EvoQ\" действительно просто и эффективно. Эти инструменты позволят вам легко создавать, организовывать и анализировать ваши email-рассылки, повышая эффективность вашего email-маркетинга. Не забывайте о тщательной сегментации и анализе результатов, чтобы достичь большей эффективности и улучшить ваши кампании.",
      "image": "blog/posts/12/12_1175448092023-09-16T150707.313518.png",
      "creation_date": "2023-09-09T19:36:11.852Z",
      "is_published": true,
      "views_count": 24,
      "user": 3
    }
  },
  {
    "model": "blog.posts",
    "pk": 13,
    "fields": {
      "title": "Интеграция MailCraft с CRM: Строим Более Тесные Отношения с Клиентами",
      "slug": "integratsiya-mailcraft-s-crm-stroim-bolee-tesnyie-otnosheniya-s-klientami",
      "content": "Интеграция MailCraft с CRM: Строим Более Тесные Отношения с Клиентами\r\n\r\nСовременный бизнес не может обойтись без эффективного взаимодействия с клиентами. CRM (Customer Relationship Management) системы играют ключевую роль в управлении клиентской базой данных, и MailCraft предлагает мощные инструменты для создания, отправки и управления email-рассылками, которые могут значительно улучшить ваши отношения с клиентами.\r\n\r\nПочему интеграция MailCraft с CRM так важна?\r\n\r\nПользовательские данные в одном месте: Интеграция MailCraft с CRM позволяет вам хранить ваши клиентские контакты, историю взаимодействия и данные о покупках в одной системе. Это упрощает доступ к информации о клиентах и помогает вам лучше понимать их потребности и предпочтения.\r\n\r\nПерсонализированные рассылки: Зная больше о своих клиентах благодаря данным из CRM, вы можете создавать более персонализированные email-рассылки. Это позволяет отправлять клиентам релевантное контент, что увеличивает вероятность успешных конверсий.\r\n\r\nОтслеживание и анализ: Интеграция позволяет автоматически отслеживать и анализировать результаты ваших email-кампаний. Вы сможете видеть, кто открывает письма, какие ссылки кликают, и какие действия предпринимают клиенты после получения вашей рассылки. Это помогает оптимизировать ваши стратегии маркетинга.\r\n\r\nКакие преимущества вы получите от этой интеграции?\r\n\r\nУлучшенное управление клиентскими данными.\r\nБолее высокая эффективность маркетинговых кампаний.\r\nПовышение лояльности клиентов через персонализированный подход.\r\nУвеличение конверсии и доходности от email-маркетинга.\r\nПример использования:\r\n\r\nПредставьте, что у вас есть клиент, который регулярно покупает товары из вашего интернет-магазина. Благодаря интеграции MailCraft с CRM, вы можете автоматически отправлять этому клиенту персонализированные рассылки с рекомендациями о продуктах, которые могут его заинтересовать, основываясь на его предыдущих покупках. Это создает более тесные отношения и увеличивает вероятность, что клиент снова сделает покупку.",
      "image": "blog/posts/12/12_1175448092023-09-16T150707.313518.png",
      "creation_date": "2023-09-09T19:36:11.852Z",
      "is_published": true,
      "views_count": 8,
      "user": 3
    }
  },
  {
    "model": "blog.posts",
    "pk": 14,
    "fields": {
      "title": "Лучшие Практики Email-Маркетинга: Советы от MailCraft",
      "slug": "luchshie-praktiki-email-marketinga-sovetyi-ot-mailcraft",
      "content": "Email-маркетинг остается одним из наиболее эффективных инструментов в продвижении продуктов и услуг. И одним из ключевых игроков в этой области является приложение \"MailCraft by EvoQ\". Сегодня мы рассмотрим некоторые из лучших практик email-маркетинга и советы, которые можно получить от команды MailCraft.\n\n1. Понимание Вашей Целевой Аудитории:\n\nПеред тем как начать создавать и отправлять письма, важно полностью понимать свою целевую аудиторию. Кто они? Какие интересы у них? Что они ожидают от ваших писем? MailCraft предоставляет возможность подробного анализа данных, чтобы помочь вам лучше понять своих подписчиков.\n\n2. Создание Качественного Контента:\n\nСодержание вашего письма играет решающую роль. Оно должно быть информативным, увлекательным и полезным для ваших подписчиков. MailCraft предоставляет инструменты для создания креативных и привлекательных писем, включая различные шаблоны и возможность вставки мультимедийного контента.\n\n3. Оптимизация для Мобильных Устройств:\n\nСегодня большинство людей читают электронную почту на мобильных устройствах. Поэтому важно, чтобы ваши письма были адаптированы под мобильные экраны. MailCraft автоматически создает адаптивные письма, что делает их удобными для чтения на разных устройствах.\n\n4. Тестирование и Анализ:\n\nСледите за результатами ваших кампаний с помощью инструментов анализа MailCraft. Проводите A/B-тестирование, чтобы выявить, какие элементы работают лучше всего. Анализируйте отчеты о доставке и открытии писем, чтобы оптимизировать вашу стратегию.\n\n5. Поддержка Правилам Конфиденциальности:\n\nСоблюдайте законы и нормы конфиденциальности данных, такие как GDPR. MailCraft предоставляет средства для управления согласием подписчиков и обеспечения их конфиденциальности.\n\n6. Регулярность и Консистентность:\n\nПоддерживайте регулярную рассылку и соблюдайте консистентность в дизайне и стиле ваших писем. Это помогает вашей аудитории ожидать ваши сообщения и легче узнавать их среди других.\n\n",
      "image": "blog/posts/12/12_1175448092023-09-16T150707.313518.png",
      "creation_date": "2023-09-09T19:36:11.852Z",
      "is_published": true,
      "views_count": 11,
      "user": 3
    }
  },
  {
    "model": "logs.logging",
    "pk": 2,
    "fields": {
      "last_attempt": "2023-09-13T08:20:44.697Z",
      "mailing": 38,
      "attempt_status": "ok"
    }
  }
]